Page,WikiName,Name,StartTime,EndTime,EventType,_ID,_pageName,StartTime__precision,EndTime__precision
"Performing Arts (Focus)","Performing Arts 4SHSR 20260928","Performing Arts (4★SHSR)","2026-09-28 07:00:00","2026-10-08 06:59:59",Special,8062,"Performing Arts (Focus)",0,0
"Focus: Weekly Revival 40","Focus Weekly Revival 40 20260927","Focus: Weekly Revival 40","2026-09-27 07:00:00","2026-10-04 06:59:59","Weekly Revival",8032,"Focus: Weekly Revival 40",0,0
"Focus: Weekly Revival 127","Focus Weekly Revival 127 20260927","Focus: Weekly Revival 127","2026-09-27 07:00:00","2026-10-04 06:59:59","Weekly Revival",8025,"Focus: Weekly Revival 127",0,0
"Focus: Weekly Revival 83","Focus Weekly Revival 83 20260927","Focus: Weekly Revival 83","2026-09-27 07:00:00","2026-10-04 06:59:59","Weekly Revival",8038,"Focus: Weekly Revival 83",0,0
"New Heroes Return (Sep 2026)","New Heroes Return 20260926","New Heroes Return","2026-09-26 07:00:00","2026-10-10 06:59:59",Returning,8066,"New Heroes Return (Sep 2026)",0,0
"A Splendid Soiree (Focus)","A Splendid Soiree 4SHSR 20260925","A Splendid Soiree (4★SHSR)","2026-09-25 07:00:00","2026-10-05 06:59:59",Special,8023,"A Splendid Soiree (Focus)",0,0
"Focus: Heroes with Excel Skills (Sep 2026)","Focus Heroes with Excel Skills 20260924","Focus: Heroes with Excel Skills","2026-09-24 07:00:00","2026-10-08 06:59:59",Skill,8064,"Focus: Heroes with Excel Skills (Sep 2026)",0,0
"Focus: Hall of Forms (Sep 2026)","Focus Hall of Forms 20260923","Focus: Hall of Forms","2026-09-23 07:00:00","2026-10-14 06:59:59","Hall of Forms",8065,"Focus: Hall of Forms (Sep 2026)",0,0
"To Stay Dreaming (Focus)","To Stay Dreaming 4SHSR 20260922","To Stay Dreaming (4★SHSR)","2026-09-22 07:00:00","2026-10-02 06:59:59",Special,8012,"To Stay Dreaming (Focus)",0,0
"Scions of Twelve (Focus)","Scions of Twelve 4SHSR 20260921","Scions of Twelve (4★SHSR)","2026-09-21 07:00:00","2026-10-01 06:59:59",Special,8003,"Scions of Twelve (Focus)",0,0
"Focus: Weekly Revival 39","Focus Weekly Revival 39 20260920","Focus: Weekly Revival 39","2026-09-20 07:00:00","2026-09-27 06:59:59","Weekly Revival",7989,"Focus: Weekly Revival 39",0,0
"Focus: Weekly Revival 82","Focus Weekly Revival 82 20260920","Focus: Weekly Revival 82","2026-09-20 07:00:00","2026-09-27 06:59:59","Weekly Revival",7995,"Focus: Weekly Revival 82",0,0
"Focus: Weekly Revival 132","Focus Weekly Revival 132 20260920","Focus: Weekly Revival 132","2026-09-20 07:00:00","2026-09-27 06:59:59","Weekly Revival",8063,"Focus: Weekly Revival 132",0,0
"Wind Bound (Focus)","Wind Bound 20260918","Wind Bound","2026-09-18 07:00:00","2026-10-16 06:59:59",Special,7981,"Wind Bound (Focus)",0,0
"Focus: Tempest Trials (Daughters 3)","Focus Tempest Trials 20260917","Focus: Tempest Trials","2026-09-17 07:00:00","2026-09-28 06:59:59","Tempest Trials",7980,"Focus: Tempest Trials (Daughters 3)",0,0
"Focus: Hall of Forms (Apr 2024)","Focus Hall of Forms Revival 20260916","Focus: Hall of Forms Revival","2026-09-16 07:00:00","2026-09-30 06:59:59","Hall of Forms Revival",7957,"Focus: Hall of Forms (Apr 2024)",0,0
"Bite of Flame (Focus)","Bite of Flame 4SHSR 20260915","Bite of Flame (4★SHSR)","2026-09-15 07:00:00","2026-09-25 06:59:59",Special,7976,"Bite of Flame (Focus)",0,0
"Legendary &amp; Mythic Hero Remix 1 (Sep 2026)","Legendary  Mythic Hero Remix 1 20260914","Legendary &amp; Mythic Hero Remix 1","2026-09-14 07:00:00","2026-09-28 06:59:59","Legendary, Mythic &amp; Emblem Hero Remix",7977,"Legendary &amp; Mythic Hero Remix 1 (Sep 2026)",0,0
"Leg. &amp; Myth. &amp; Emb. Hero Remix 2 (Sep 2026)","Leg.  Myth.  Emb. Hero Remix 2 20260914","Leg. &amp; Myth. &amp; Emb. Hero Remix 2","2026-09-14 07:00:00","2026-09-28 06:59:59","Legendary, Mythic &amp; Emblem Hero Remix",7978,"Leg. &amp; Myth. &amp; Emb. Hero Remix 2 (Sep 2026)",0,0
"Focus: Weekly Revival 126","Focus Weekly Revival 126 20260913","Focus: Weekly Revival 126","2026-09-13 07:00:00","2026-09-20 06:59:59","Weekly Revival",7942,"Focus: Weekly Revival 126",0,0
"Focus: Legendary Revival 8","Focus Legendary Revival 8 20260913","Focus: Legendary Revival 8","2026-09-13 07:00:00","2026-10-11 06:59:59","Legendary Revival",7979,"Focus: Legendary Revival 8",0,0
"Focus: Weekly Revival 38","Focus Weekly Revival 38 20260913","Focus: Weekly Revival 38","2026-09-13 07:00:00","2026-09-20 06:59:59","Weekly Revival",7949,"Focus: Weekly Revival 38",0,0
"Focus: Weekly Revival 81","Focus Weekly Revival 81 20260913","Focus: Weekly Revival 81","2026-09-13 07:00:00","2026-09-20 06:59:59","Weekly Revival",7955,"Focus: Weekly Revival 81",0,0
"Focus: Mythic Revival 1","Focus Mythic Revival 1 20260913","Focus: Mythic Revival 1","2026-09-13 07:00:00","2026-10-11 06:59:59","Mythic Revival",7940,"Focus: Mythic Revival 1",0,0
"Winds Offered (Focus)","Winds Offered 20260912","Winds Offered","2026-09-12 07:00:00","2026-09-22 06:59:59",Special,7969,"Winds Offered (Focus)",0,0
"Icy Invitation (Focus)","Icy Invitation 20260911","Icy Invitation","2026-09-11 07:00:00","2026-09-21 06:59:59",Special,7965,"Icy Invitation (Focus)",0,0
"Beside Kin (Focus)","Beside Kin 20260910","Beside Kin","2026-09-10 07:00:00","2026-09-20 06:59:59",Special,7962,"Beside Kin (Focus)",0,0
"Focus: New Power (Sep 2026)","Focus New Power 20260909","Focus: New Power","2026-09-09 07:00:00","2026-09-24 06:59:59","New Power",7960,"Focus: New Power (Sep 2026)",0,0
"New Heroes: Fortune's Weave","Free Summon Fortunes Weave 20260908","Free Summon: Fortune's Weave","2026-09-08 07:00:00",,"Select Summon",7959,"New Heroes: Fortune's Weave",0,
"New Heroes: Fortune's Weave","New Heroes Fortunes Weave 20260908","New Heroes: Fortune's Weave","2026-09-08 07:00:00","2026-10-07 06:59:59","New Heroes",7958,"New Heroes: Fortune's Weave",0,0
